Название,Цена,Ссылка
Подвесной светильник Сансет Black,4400руб.,https://www.divan.ru/krasnodar/product/podvesnoj-svetilnik-sanset-black
Торшер Билли Black,15 220руб.,https://www.divan.ru/krasnodar/product/torsher-billi-black
Подвесной светильник Бабл-9,17 320руб.,https://www.divan.ru/krasnodar/product/podvesnoj-svetilnik-babl-9
Торшер Бабл-1,6500руб.,https://www.divan.ru/krasnodar/product/torsher-babl-1
Подвесной светильник Бабл-3,6500руб.,https://www.divan.ru/krasnodar/product/podvesnoj-svetilnik-babl-3
Бра Бабл Black,2090руб.,https://www.divan.ru/krasnodar/product/bra-babl-black
Настольная лампа Дэнди Black,3770руб.,https://www.divan.ru/krasnodar/product/nastolnaya-lampa-dendi-black
Настольная лампа Дэнди White,3770руб.,https://www.divan.ru/krasnodar/product/nastolnaya-lampa-dendi-white
Торшер Варио White,5240руб.,https://www.divan.ru/krasnodar/product/torsher-vario-white
Бра Варио Black,1040руб.,https://www.divan.ru/krasnodar/product/bra-vario-black
Бра Варио White,1040руб.,https://www.divan.ru/krasnodar/product/bra-vario-white
Подвесной светильник Сансет White,4400руб.,https://www.divan.ru/krasnodar/product/podvesnoj-svetilnik-sanset-white
Подвесной светильник Кэндел Black,2830руб.,https://www.divan.ru/krasnodar/product/podvesnoj-svetilnik-kendel-black
Подвесной светильник Кэндел White,2830руб.,https://www.divan.ru/krasnodar/product/podvesnoj-svetilnik-kendel-white
Торшер Вена Beige,10 490руб.,https://www.divan.ru/krasnodar/product/torsher-vena-beige
Настольная лампа Сфера Orange,5240руб.,https://www.divan.ru/krasnodar/product/nastolnaya-lampa-sfera-orange
Торшер Осло Black,16 790руб.,https://www.divan.ru/krasnodar/product/torsher-oslo-black
Подвесной светильник Кая Black,2720руб.,https://www.divan.ru/krasnodar/product/podvesnoj-svetilnik-kaya-black
Торшер Вена Black,10 490руб.,https://www.divan.ru/krasnodar/product/torsher-vena-black
Подвесной светильник Кая White,2720руб.,https://www.divan.ru/krasnodar/product/podvesnoj-svetilnik-kaya-white
Торшер Осло White,16 790руб.,https://www.divan.ru/krasnodar/product/torsher-oslo-white
Настольная лампа Гровер Glass,4190руб.,https://www.divan.ru/krasnodar/product/nastolnaya-lampa-grover-glass
Настольная лампа Сфера Black,4190руб.,https://www.divan.ru/krasnodar/product/nastolnaya-lampa-sfera-black
Настольная лампа Машрум Grey,4190руб.,https://www.divan.ru/krasnodar/product/nastolnaya-lampa-mashrum-grey
Настольная лампа Спайк Green,1040руб.,https://www.divan.ru/krasnodar/product/nastolnaya-lampa-spajk-green
Настольная лампа Клауд White,12 170руб.,https://www.divan.ru/krasnodar/product/nastolnaya-lampa-klaud-white
Настольная лампа Рэй Black,3140руб.,https://www.divan.ru/krasnodar/product/nastolnaya-lampa-rej-black
Торшер Рэй White,3770руб.,https://www.divan.ru/krasnodar/product/torsher-rej-white
Торшер Рэй Black,5240руб.,https://www.divan.ru/krasnodar/product/torsher-rej-black
Настольная лампа Спайк Orange,830руб.,https://www.divan.ru/krasnodar/product/nastolnaya-lampa-spajk-orange
Подвесной светильник Портланд Black,2720руб.,https://www.divan.ru/krasnodar/product/podvesnoj-svetilnik-portland-black
Настольная лампа Гросс White,3770руб.,https://www.divan.ru/krasnodar/product/nastolnaya-lampa-gross-white
Торшер Мун Black,6290руб.,https://www.divan.ru/krasnodar/product/torsher-mun-black
Торшер Билли White,14 060руб.,https://www.divan.ru/krasnodar/product/torsher-billi-white
Торшер Варио Black,6500руб.,https://www.divan.ru/krasnodar/product/torsher-vario-black
Настольная лампа Раффи Round,5240руб.,https://www.divan.ru/krasnodar/product/nastolnaya-lampa-raffi-round
Торшер Гросс White,6290руб.,https://www.divan.ru/krasnodar/product/torsher-gross-white
Торшер Раффи Round,9970руб.,https://www.divan.ru/krasnodar/product/torsher-raffi-round
Бра Moderli Alina,3560руб.,https://www.divan.ru/krasnodar/product/bra-moderli-alina
Подвесной светильник Маро Green,12 280руб.,https://www.divan.ru/krasnodar/product/podvesnoj-svetilnik-maro-green
Настольная лампа Рэй White,2720руб.,https://www.divan.ru/krasnodar/product/nastolnaya-lampa-rej-white
Бра Tarbes-2,3460руб.,https://www.divan.ru/krasnodar/product/bra-tarbes-2
Светильник потолочный Matthew,5240руб.,https://www.divan.ru/krasnodar/product/svetilnik-potolochnyj-matthew
Настольная лампа Junior-4,3140руб.,https://www.divan.ru/krasnodar/product/nastolnaya-lampa-junior-4
Спот Лайт-1 Black,2510руб.,https://www.divan.ru/krasnodar/product/spot-lajt-1-black
Настольная лампа Junior-3,4070руб.,https://www.divan.ru/krasnodar/product/nastolnaya-lampa-junior-3
Настольная лампа Junior-1,4190руб.,https://www.divan.ru/krasnodar/product/nastolnaya-lampa-junior-1
Подвесной светильник Milligan,5770руб.,https://www.divan.ru/krasnodar/product/podvesnoj-svetilnik-milligan
